PROV,Provident Financial Holdings, Inc. 
PRPH,ProPhase Labs, Inc. 
PRPL,Purple Innovation, Inc. 
PRPLW,Purple Innovation, Inc. 
PRPO,Precipio, Inc. 
PRQR,ProQR Therapeutics N.V. 
PRSC,The Providence Service Corporation 
PRSS,CafePress Inc. 
PRTA,Prothena Corporation plc 
PRTH,Priority Technology Holdings, Inc. 
PRTHU,Priority Technology Holdings, Inc. 
PRTHW,Priority Technology Holdings, Inc. 
PRTK,Paratek Pharmaceuticals, Inc.  
PRTO,Proteon Therapeutics, Inc. 
PRTS,U.S. Auto Parts Network, Inc. 
PRVB,Provention Bio, Inc. 
PS,Pluralsight, Inc. 
PSAU,Invesco Global Gold and Precious Metals ETF
PSC,Principal U.S. Small
PSCC,Invesco S&P SmallCap Consumer Staples ETF
PSCD,Invesco S&P SmallCap Consumer Discretionary ETF
PSCE,Invesco S&P SmallCap Energy ETF
PSCF,Invesco S&P SmallCap Financials ETF
PSCH,Invesco S&P SmallCap Health Care ETF
PSCI,Invesco S&P SmallCap Industrials ETF
PSCM,Invesco S&P SmallCap Materials ETF
PSCT,Invesco S&P SmallCap Information Technology ETF
PSCU,Invesco S&P SmallCap Utilities ETF
PSDO,Presidio, Inc. 
PSEC,Prospect Capital Corporation 
PSET,Principal Price Setters Index ETF
PSL,Invesco DWA Consumer Staples Momentum ETF
PSMT,PriceSmart, Inc. 
PSTI,Pluristem Therapeutics, Inc. 
PTC,PTC Inc. 
PTCT,PTC Therapeutics, Inc. 
PTEN,Patterson
PTF,Invesco DWA Technology Momentum ETF
PTGX,Protagonist Therapeutics, Inc. 
PTH,Invesco DWA Healthcare Momentum ETF
PTI,Proteostasis Therapeutics, Inc. 
PTIE,Pain Therapeutics, Inc. 
PTLA,Portola Pharmaceuticals, Inc. 
PTNR,Partner Communications Company Ltd. 
PTSI,P.A.M. Transportation Services, Inc. 
PTVCA,Protective Insurance Corporation 
PTVCB,Protective Insurance Corporation 
PTX,Pernix Therapeutics Holdings, Inc. 
PUB,People's Utah Bancorp 
PUI,Invesco DWA Utilities Momentum ETF
PULM,Pulmatrix, Inc. 
PVAC,Penn Virginia Corporation 
PVAL,Principal Contrarian Value Index ETF
PVBC,Provident Bancorp, Inc. 
PWOD,Penns Woods Bancorp, Inc. 
PXI,Invesco DWA Energy Momentum ETF
PXLW,Pixelworks, Inc. 
PXS,Pyxis Tankers Inc. 
PXUS,Principal International Multi
PY,Principal Shareholder Yield Index ETF
PYDS,Payment Data Systems, Inc. 
PYPL,PayPal Holdings, Inc. 
PYZ,Invesco DWA Basic Materials Momentum ETF
PZZA,Papa John's International, Inc. 
QABA,First Trust NASDAQ ABA Community Bank Index Fund
QADA,QAD Inc. 
QADB,QAD Inc. 
QAT,iShares MSCI Qatar ETF
QBAK,Qualstar Corporation 
QCLN,First Trust NASDAQ Clean Edge Green Energy Index Fund
QCOM,QUALCOMM Incorporated 
QCRH,QCR Holdings, Inc. 
QDEL,Quidel Corporation 
QINC,First Trust RBA Quality Income ETF
QIWI,QIWI plc 
QLC,FlexShares US Quality Large Cap Index Fund
QLYS,Qualys, Inc. 
QNST,QuinStreet, Inc. 
QQEW,First Trust NASDAQ
QQQ,Invesco QQQ Trust, Series 1
QQQC,Global X NASDAQ China Technology ETF
QQQX,Nuveen NASDAQ 100 Dynamic Overwrite Fund 
QQXT,First Trust NASDAQ
QRHC,Quest Resource Holding Corporation. 
QRTEA,Qurate Retail, Inc. 
QRTEB,Qurate Retail, Inc. 
QRVO,Qorvo, Inc. 
QSII,Quality Systems, Inc. 
QTEC,First Trust NASDAQ
QTNA,Quantenna Communications, Inc. 
QTNT,Quotient Limited 
QTRH,Quarterhill Inc. 
QTRX,Quanterix Corporation 
QUIK,QuickLogic Corporation 
QUMU,Qumu Corporation 
QURE,uniQure N.V. 
QYLD,Horizons NASDAQ
RADA,RADA Electronic Industries Ltd. 
RAIL,Freightcar America, Inc. 
RAND,Rand Capital Corporation 
RARE,Ultragenyx Pharmaceutical Inc. 
RARX,Ra Pharmaceuticals, Inc. 
RAVE,Rave Restaurant Group, Inc. 
RAVN,Raven Industries, Inc. 
RBB,RBB Bancorp 
RBBN,Ribbon Communications Inc.  
RBCAA,Republic Bancorp, Inc. 
RBCN,Rubicon Technology, Inc. 
RBNC,Reliant Bancorp, Inc. 
RCII,Rent
RCKT,Rocket Pharmaceuticals, Inc. 
RCKY,Rocky Brands, Inc. 
RCM,R1 RCM Inc. 
RCMT,RCM Technologies, Inc. 
RCON,Recon Technology, Ltd. 
RDCM,Radcom Ltd. 
RDFN,Redfin Corporation 
RDHL,Redhill Biopharma Ltd. 
RDI,Reading International Inc 
RDIB,Reading International Inc 
RDNT,RadNet, Inc. 
RDUS,Radius Health, Inc. 
RDVT,Red Violet, Inc. 
RDVY,First Trust Rising Dividend Achievers ETF
RDWR,Radware Ltd. 
RECN,Resources Connection, Inc. 
REDU,RISE Education Cayman Ltd 
REFR,Research Frontiers Incorporated 
REGI,Renewable Energy Group, Inc. 
REGN,Regeneron Pharmaceuticals, Inc. 
REIS,Reis, Inc 
RELL,Richardson Electronics, Ltd. 
RELV,Reliv' International, Inc. 
REPH,Recro Pharma, Inc. 
REPL,Replimune Group, Inc. 
RESN,Resonant Inc. 
RETA,Reata Pharmaceuticals, Inc. 
RETO,ReTo Eco
RFAP,First Trust RiverFront Dynamic Asia Pacific ETF
RFDI,First Trust RiverFront Dynamic Developed International ETF
RFEM,First Trust RiverFront Dynamic Emerging Markets ETF
RFEU,First Trust RiverFront Dynamic Europe ETF
RFIL,RF Industries, Ltd. 
RGCO,RGC Resources Inc. 
RGEN,Repligen Corporation 
RGLD,Royal Gold, Inc. 
RGLS,Regulus Therapeutics Inc. 
RGNX,REGENXBIO Inc. 
RGSE,Real Goods Solar, Inc. 
RIBT,RiceBran Technologies 
RIBTW,RiceBran Technologies 
RICK,RCI Hospitality Holdings, Inc. 
RIGL,Rigel Pharmaceuticals, Inc. 
RILY,B. Riley Financial, Inc. 
RILYG,B. Riley Financial, Inc. 
RILYH,B. Riley Financial, Inc. 
RILYL,B. Riley Financial, Inc. 
RILYZ,B. Riley Financial, Inc. 
RING,iShares MSCI Global Gold Miners ETF
RIOT,Riot Blockchain, Inc 
RIVE,Riverview Financial Corporation 
RKDA,Arcadia Biosciences, Inc. 
RLJE,RLJ Entertainment, Inc. 
RLM,Realm Therapeutics plc 
RMBL,RumbleOn, Inc. 
RMBS,Rambus, Inc. 
RMCF,Rocky Mountain Chocolate Factory, Inc. 
RMGN,RMG Networks Holding Corporation 
RMNI,Rimini Street, Inc. 
RMR,The RMR Group Inc. 
RMTI,Rockwell Medical, Inc. 
RNDB,Randolph Bancorp, Inc. 
RNDM,First Trust Developed International Equity Select ETF
RNDV,First Trust US Equity Dividend Select ETF
RNEM,First Trust Emerging Markets Equity Select ETF
RNET,RigNet, Inc. 
RNLC,First Trust Large Cap US Equity Select ETF
RNMC,First Trust Mid Cap US Equity Select ETF
RNSC,First Trust Small Cap US Equity Select ETF
RNST,Renasant Corporation 
RNWK,RealNetworks, Inc. 
ROAD,Construction Partners, Inc. 
ROBT,First Trust Nasdaq Artificial Intelligence and Robotics ETF
ROCK,Gibraltar Industries, Inc. 
ROIC,Retail Opportunity Investments Corp. 
ROKU,Roku, Inc. 
ROLL,RBC Bearings Incorporated 
ROSE,Rosehill Resources Inc. 
ROSEU,Rosehill Resources Inc. 
ROSEW,Rosehill Resources Inc. 
ROST,Ross Stores, Inc. 
RP,RealPage, Inc. 
RPD,Rapid7, Inc. 
RPIBC,Managed Portfolio Series 
RRGB,Red Robin Gourmet Burgers, Inc. 
RRR,Red Rock Resorts, Inc. 
RSLS,ReShape Lifesciences Inc. 
RSYS,RadiSys Corporation 
RTIX,RTI Surgical, Inc. 
RTRX,Retrophin, Inc. 
RTTR,Ritter Pharmaceuticals, Inc. 
RUBY,Rubius Therapeutics, Inc. 
RUN,Sunrun Inc. 
RUSHA,Rush Enterprises, Inc. 
RUSHB,Rush Enterprises, Inc. 
RUTH,Ruth's Hospitality Group, Inc. 
RVEN,Reven Housing REIT, Inc. 
RVLT,Revolution Lighting Technologies, Inc. 
RVNC,Revance Therapeutics, Inc. 
RVSB,Riverview Bancorp Inc 
RWLK,ReWalk Robotics Ltd 
RXII,RXi Pharmaceuticals Corporation 
RXIIW,RXi Pharmaceuticals Corporation 
RYAAY,Ryanair Holdings plc 
RYTM,Rhythm Pharmaceuticals, Inc. 
SABR,Sabre Corporation 
SAEX,SAExploration Holdings, Inc. 
SAFM,Sanderson Farms, Inc. 
SAFT,Safety Insurance Group, Inc. 
SAGE,Sage Therapeutics, Inc. 
SAIA,Saia, Inc. 
SAL,Salisbury Bancorp, Inc. 
SALM,Salem Media Group, Inc. 
SAMG,Silvercrest Asset Management Group Inc. 
SANM,Sanmina Corporation 
SANW,S&W Seed Company 
SASR,Sandy Spring Bancorp, Inc. 
SATS,EchoStar Corporation 
SAUC,Diversified Restaurant Holdings, Inc. 
SBAC,SBA Communications Corporation 
SBBP,Strongbridge Biopharma plc 
SBBX,SB One Bancorp 
SBCF,Seacoast Banking Corporation of Florida 
SBFG,SB Financial Group, Inc. 
SBFGP,SB Financial Group, Inc. 
SBGI,Sinclair Broadcast Group, Inc. 
SBLK,Star Bulk Carriers Corp. 
SBLKZ,Star Bulk Carriers Corp. 
SBNY,Signature Bank 
SBNYW,Signature Bank 
SBOT,Stellar Biotechnologies, Inc. 
SBPH,Spring Bank Pharmaceuticals, Inc. 
SBRA,Sabra Health Care REIT, Inc. 
SBSI,Southside Bancshares, Inc. 
SBT,Sterling Bancorp, Inc. 
SBUX,Starbucks Corporation 
SCAC,Saban Capital Acquisition Corp. 
SCACU,Saban Capital Acquisition Corp. 
SCACW,Saban Capital Acquisition Corp. 
SCHL,Scholastic Corporation 
SCHN,Schnitzer Steel Industries, Inc. 
SCKT,Socket Mobile, Inc. 
SCON,Superconductor Technologies Inc. 
SCOR,comScore, Inc. 
SCPH,scPharmaceuticals Inc. 
SCSC,ScanSource, Inc. 
SCVL,Shoe Carnival, Inc. 
SCWX,SecureWorks Corp. 
SCYX,SCYNEXIS, Inc. 
SCZ,iShares MSCI EAFE Small
SDVY,First Trust SMID Cap Rising Dividend Achievers ETF
SEAC,SeaChange International, Inc. 
SECO,Secoo Holding Limited 
SEDG,SolarEdge Technologies, Inc. 
SEED,Origin Agritech Limited 
SEIC,SEI Investments Company 
SEII,Sharing Economy International Inc. 
SELB,Selecta Biosciences, Inc. 
SELF,Global Self Storage, Inc. 
SENEA,Seneca Foods Corp. 
SENEB,Seneca Foods Corp. 
SES,Synthesis Energy Systems, Inc. 
SESN,Sesen Bio, Inc. 
SFBC,Sound Financial Bancorp, Inc. 
SFBS,ServisFirst Bancshares, Inc. 
SFET,Safe
SFIX,Stitch Fix, Inc. 
SFLY,Shutterfly, Inc. 
SFM,Sprouts Farmers Market, Inc. 
SFNC,Simmons First National Corporation 
SFST,Southern First Bancshares, Inc. 
SGA,Saga Communications, Inc. 
SGBX,SG Blocks, Inc. 
SGC,Superior Group of Companies, Inc. 
SGEN,Seattle Genetics, Inc. 
SGH,SMART Global Holdings, Inc. 
SGLB,Sigma Labs, Inc. 
SGLBW,Sigma Labs, Inc. 
SGMA,SigmaTron International, Inc. 
SGMO,Sangamo Therapeutics, Inc. 
SGMS,Scientific Games Corp 
SGOC,SGOCO Group, Ltd 
SGRP,SPAR Group, Inc. 
SGRY,Surgery Partners, Inc. 
SGYP,Synergy Pharmaceuticals, Inc. 
SHBI,Shore Bancshares Inc 
SHEN,Shenandoah Telecommunications Co 
SHIP,Seanergy Maritime Holdings Corp 
SHIPW,Seanergy Maritime Holdings Corp 
SHLD,Sears Holdings Corporation 
SHLDW,Sears Holdings Corporation 
SHLO,Shiloh Industries, Inc. 
SHOO,Steven Madden, Ltd. 
SHOS,Sears Hometown and Outlet Stores, Inc. 
SHPG,Shire plc 
SHSP,SharpSpring, Inc. 
SHV,iShares Short Treasury Bond ETF
SHY,iShares 1
SIC,Select Interior Concepts, Inc. 
SIEB,Siebert Financial Corp. 
SIEN,Sientra, Inc. 
SIFI,SI Financial Group, Inc. 
SIFY,Sify Technologies Limited 
SIGA,SIGA Technologies Inc. 
SIGI,Selective Insurance Group, Inc. 
SIGM,Sigma Designs, Inc. 
SILC,Silicom Ltd 
SIMO,Silicon Motion Technology Corporation 
SINA,Sina Corporation 
SINO,Sino
SIR,Select Income REIT 
SIRI,Sirius XM Holdings Inc. 
SITO,SITO Mobile, Ltd. 
SIVB,SVB Financial Group 
SKIS,Peak Resorts, Inc. 
SKOR,FlexShares Credit
SKYS,Sky Solar Holdings, Ltd. 
SKYW,SkyWest, Inc. 
SKYY,First Trust Cloud Computing ETF
SLAB,Silicon Laboratories, Inc. 
SLCT,Select Bancorp, Inc. 
SLDB,Solid Biosciences Inc. 
SLGL,Sol
SLGN,Silgan Holdings Inc. 
SLIM,The Obesity ETF
SLM,SLM Corporation 
SLMBP,SLM Corporation 
SLNO,Soleno Therapeutics, Inc. 
SLNOW,Soleno Therapeutics, Inc. 
SLP,Simulations Plus, Inc. 
SLQD,iShares 0
SLRC,Solar Capital Ltd. 
SLS,SELLAS Life Sciences Group, Inc.  
SLVO,Credit Suisse AG 
SMBC,Southern Missouri Bancorp, Inc. 
SMBK,SmartFinancial, Inc. 
SMCI,Super Micro Computer, Inc. 
SMCP,AlphaMark Actively Managed Small Cap ETF
SMED,Sharps Compliance Corp. 
SMIT,Schmitt Industries, Inc. 
SMMF,Summit Financial Group, Inc. 
SMMT,Summit Therapeutics plc 
SMPL,The Simply Good Foods Company 
SMPLW,The Simply Good Foods Company 
SMRT,Stein Mart, Inc. 
SMSI,Smith Micro Software, Inc. 
SMTC,Semtech Corporation 
SMTX,SMTC Corporation 
SNBR,Sleep Number Corporation 
SND,Smart Sand, Inc. 
SNDE,Sundance Energy Australia Limited 
SNDX,Syndax Pharmaceuticals, Inc. 
SNES,SenesTech, Inc. 
SNFCA,Security National Financial Corporation 
SNGX,Soligenix, Inc. 
SNGXW,Soligenix, Inc. 
SNH,Senior Housing Properties Trust 
SNHNI,Senior Housing Properties Trust 
SNHNL,Senior Housing Properties Trust 
SNHY,Sun Hydraulics Corporation 
SNLN,Highland/iBoxx Senior Loan ETF
SNMX,Senomyx, Inc. 
SNNA,Sienna Biopharmaceuticals, Inc. 
SNOA,Sonoma Pharmaceuticals, Inc. 
SNOAW,Sonoma Pharmaceuticals, Inc. 
SNPS,Synopsys, Inc. 
SNSR,Global X Internet of Things ETF
SNSS,Sunesis Pharmaceuticals, Inc. 
SOCL,Global X Social Media ETF
SODA,SodaStream International Ltd. 
SOFO,Sonic Foundry, Inc. 
SOHO,Sotherly Hotels Inc. 
SOHOB,Sotherly Hotels Inc. 
SOHOK,Sotherly Hotels LP 
SOHOO,Sotherly Hotels Inc. 
SOHU,Sohu.com Limited  
SOLO,Electrameccanica Vehicles Corp. Ltd. 
SOLOW,Electrameccanica Vehicles Corp. Ltd. 
SONA,Southern National Bancorp of Virginia, Inc. 
SONC,Sonic Corp. 
SONO,Sonos, Inc. 
SORL,SORL Auto Parts, Inc. 
SOXX,iShares PHLX SOX Semiconductor Sector Index Fund
SP,SP Plus Corporation 
SPAR,Spartan Motors, Inc. 
SPCB,SuperCom, Ltd. 
SPEX,Spherix Incorporated 
SPHS,Sophiris Bio, Inc. 
SPI,SPI Energy Co., Ltd. 
SPKE,Spark Energy, Inc. 
SPKEP,Spark Energy, Inc. 
SPLK,Splunk Inc. 
SPNE,SeaSpine Holdings Corporation 
SPNS,Sapiens International Corporation N.V. 
SPOK,Spok Holdings, Inc. 
SPPI,Spectrum Pharmaceuticals, Inc. 
SPRO,Spero Therapeutics, Inc. 
SPRT,Support.com, Inc. 
SPSC,SPS Commerce, Inc. 
SPTN,SpartanNash Company 
SPWH,Sportsman's Warehouse Holdings, Inc. 
SPWR,SunPower Corporation 
SQBG,Sequential Brands Group, Inc. 
SQLV,Legg Mason Small
SQQQ,ProShares UltraPro Short QQQ
SRAX,Social Reality, Inc. 
SRCE,1st Source Corporation 
SRCL,Stericycle, Inc. 
SRCLP,Stericycle, Inc. 
SRDX,Surmodics, Inc. 
SRET,Global X SuperDividend REIT ETF
SREV,ServiceSource International, Inc. 
SRNE,Sorrento Therapeutics, Inc. 
SRPT,Sarepta Therapeutics, Inc. 
SRRA,Sierra Oncology, Inc. 
SRRK,Scholar Rock Holding Corporation 
SRTS,Sensus Healthcare, Inc. 
SRTSW,Sensus Healthcare, Inc. 
SSB,South State Corporation 
SSBI,Summit State Bank 
SSC,Seven Stars Cloud Group, Inc. 
SSFN,Stewardship Financial Corp 
SSKN,Strata Skin Sciences, Inc. 
SSLJ,SSLJ.com Limited 
SSNC,SS&C Technologies Holdings, Inc. 
SSNT,SilverSun Technologies, Inc. 
SSP,E.W. Scripps Company (The) 
SSRM,SSR Mining Inc. 
SSTI,ShotSpotter, Inc. 
SSYS,Stratasys, Ltd. 
STAA,STAAR Surgical Company 
STAF,Staffing 360 Solutions, Inc. 
STAY,Extended Stay America, Inc. 
STBA,S&T Bancorp, Inc. 
STBZ,State Bank Financial Corporation. 
STCN,Steel Connect, Inc. 
STDY,SteadyMed Ltd. 
STFC,State Auto Financial Corporation 
STIM,Neuronetics, Inc. 
STKL,SunOpta, Inc. 
STKS,The ONE Group Hospitality, Inc. 
STLD,Steel Dynamics, Inc. 
STLR,Stellar Acquisition III Inc. 
STLRU,Stellar Acquisition III Inc. 
STLRW,Stellar Acquisition III Inc. 
STML,Stemline Therapeutics, Inc. 
STMP,Stamps.com Inc. 
STND,Standard AVB Financial Corp. 
STNL,Sentinel Energy Services Inc. 
STNLU,Sentinel Energy Services Inc. 
STNLW,Sentinel Energy Services Inc. 
STPP,Barclays PLC 
STRA,Strategic Education, Inc. 
STRL,Sterling Construction Company Inc 
STRM,Streamline Health Solutions, Inc. 
STRS,Stratus Properties Inc. 
STRT,STRATTEC SECURITY CORPORATION 
STX,Seagate Technology PLC 
STXB,Spirit of Texas Bancshares, Inc. 
SUMR,Summer Infant, Inc. 
SUNS,Solar Senior Capital Ltd. 
SUNW,Sunworks, Inc. 
SUPN,Supernus Pharmaceuticals, Inc. 
SURF,Surface Oncology, Inc. 
SUSB,iShares ESG 1
SUSC,iShares ESG USD Corporate Bond ETF
SVA,Sinovac Biotech, Ltd. 
SVBI,Severn Bancorp Inc 
SVRA,Savara, Inc. 
SVVC,Firsthand Technology Value Fund, Inc. 
SWIN,ALPS/Dorsey Wright Sector Momentum ETF
SWIR,Sierra Wireless, Inc. 
SWKS,Skyworks Solutions, Inc. 
SYBT,Stock Yards Bancorp, Inc. 
SYBX,Synlogic, Inc. 
SYKE,Sykes Enterprises, Incorporated 
SYMC,Symantec Corporation 
SYNA,Synaptics Incorporated 
SYNC,Synacor, Inc. 
SYNH,Syneos Health, Inc. 
SYNL,Synalloy Corporation 
SYNT,Syntel, Inc. 
SYPR,Sypris Solutions, Inc. 
SYRS,Syros Pharmaceuticals, Inc. 
TA,TravelCenters of America LLC 
TACO,Del Taco Restaurants, Inc. 
TACOW,Del Taco Restaurants, Inc. 
TACT,TransAct Technologies Incorporated 
TAIT,Taitron Components Incorporated 
TANH,Tantech Holdings Ltd. 
TANNI,TravelCenters of America LLC 
TANNL,TravelCenters of America LLC 
TANNZ,TravelCenters of America LLC 
TAOP,Taoping Inc. 
TAPR,Barclays PLC 
TAST,Carrols Restaurant Group, Inc. 
TATT,TAT Technologies Ltd. 
TAYD,Taylor Devices, Inc. 
TBBK,The Bancorp, Inc. 
TBIO,Translate Bio, Inc. 
TBK,Triumph Bancorp, Inc. 
TBNK,Territorial Bancorp Inc. 
TBPH,Theravance Biopharma, Inc. 
TBRG,Thunder Bridge Acquisition, Ltd. 
TBRGU,Thunder Bridge Acquisition, Ltd. 
TBRGW,Thunder Bridge Acquisition, Ltd. 
TCBI,Texas Capital Bancshares, Inc. 
TCBIL,Texas Capital Bancshares, Inc. 
TCBIP,Texas Capital Bancshares, Inc. 
TCBIW,Texas Capital Bancshares, Inc. 
TCBK,TriCo Bancshares 
TCCO,Technical Communications Corporation 
TCDA,Tricida, Inc. 
TCFC,The Community Financial Corporation 
TCGP,The Carlyle Group L.P. 
TCMD,Tactile Systems Technology, Inc. 
TCON,TRACON Pharmaceuticals, Inc. 
TCPC,BlackRock TCP Capital Corp. 
TCRD,THL Credit, Inc. 
TCX,Tucows Inc. 
TDAC,Trident Acquisitions Corp. 
TDACU,Trident Acquisitions Corp. 
TDACW,Trident Acquisitions Corp. 
TDIV,First Trust NASDAQ Technology Dividend Index Fund
TEAM,Atlassian Corporation Plc 
TECD,Tech Data Corporation 
TECH,Bio
TEDU,Tarena International, Inc. 
TELL,Tellurian Inc. 
TENB,Tenable Holdings, Inc. 
TENX,Tenax Therapeutics, Inc. 
TERP,TerraForm Power, Inc. 
TESS,TESSCO Technologies Incorporated 
TFSL,TFS Financial Corporation 
TGA,TransGlobe Energy Corporation 
TGEN,Tecogen Inc. 
TGLS,Tecnoglass Inc. 
TGTX,TG Therapeutics, Inc. 
THFF,First Financial Corporation Indiana 
THRM,Gentherm Inc 
THST,Truett
TIBR,Tiberius Acquisition Corporation 
TIBRU,Tiberius Acquisition Corporation 
TIBRW,Tiberius Acquisition Corporation 
TILE,Interface, Inc. 
TIPT,Tiptree Inc. 
TISA,Top Image Systems, Ltd. 
TITN,Titan Machinery Inc. 
TIVO,TiVo Corporation 
TKKSU,TKK Symphony Acquisition Corporation 
TLF,Tandy Leather Factory, Inc. 
TLGT,Teligent, Inc. 
TLND,Talend S.A. 
TLRY,Tilray, Inc. 
TLT,iShares 20+ Year Treasury Bond ETF
TMCX,Trinity Merger Corp. 
TMCXU,Trinity Merger Corp. 
TMCXW,Trinity Merger Corp. 
TMDI,Titan Medical Inc. 
TMSR,TMSR Holding Company Limited 
TMUS,T
TNAV,Telenav, Inc. 
TNDM,Tandem Diabetes Care, Inc. 
TNXP,Tonix Pharmaceuticals Holding Corp. 
TOCA,Tocagen Inc. 
TOPS,TOP Ships Inc. 
TORC,resTORbio, Inc. 
TOTAU,Tottenham Acquisition I Limited 
TOUR,Tuniu Corporation 
TOWN,Towne Bank 
TPIC,TPI Composites, Inc. 
TPIV,TapImmune Inc. 
TPNL,3PEA International, Inc. 
TQQQ,ProShares UltraPro QQQ
TRCB,Two River Bancorp 
TRCH,Torchlight Energy Resources, Inc. 
TREE,LendingTree, Inc. 
TRHC,Tabula Rasa HealthCare, Inc. 
TRIB,Trinity Biotech plc 
TRIL,Trillium Therapeutics Inc. 
TRIP,TripAdvisor, Inc. 
TRMB,Trimble Inc. 
TRMD,TORM plc 
TRMK,Trustmark Corporation 
TRMT,Tremont Mortgage Trust 
TRNC,tronc, Inc. 
TRNS,Transcat, Inc. 
TROV,TrovaGene, Inc. 
TROW,T. Rowe Price Group, Inc. 
TRPX,Therapix Biosciences Ltd. 
TRS,TriMas Corporation 
TRST,TrustCo Bank Corp NY 
TRUE,TrueCar, Inc. 
TRUP,Trupanion, Inc. 
TRVG,trivago N.V. 
TRVN,Trevena, Inc. 
TSBK,Timberland Bancorp, Inc. 
TSC,TriState Capital Holdings, Inc. 
TSCAP,TriState Capital Holdings, Inc. 
TSCO,Tractor Supply Company 
TSEM,Tower Semiconductor Ltd. 
TSG,The Stars Group Inc. 
TSLA,Tesla, Inc.  
TSRI,TSR, Inc. 
TSRO,TESARO, Inc. 
TST,TheStreet, Inc. 
TTD,The Trade Desk, Inc. 
TTEC,TTEC Holdings, Inc. 
TTEK,Tetra Tech, Inc. 
TTGT,TechTarget, Inc. 
TTMI,TTM Technologies, Inc. 
TTNP,Titan Pharmaceuticals, Inc. 
TTOO,T2 Biosystems, Inc. 
TTPH,Tetraphase Pharmaceuticals, Inc. 
TTS,Tile Shop Hldgs, Inc. 
TTWO,Take
TUES,Tuesday Morning Corp. 
TUR,iShares MSCI Turkey ETF
TURN,180 Degree Capital Corp. 
TUSA,First Trust Total US Market AlphaDEX ETF
TUSK,Mammoth Energy Services, Inc. 
TVIX,Credit Suisse AG 
TVTY,Tivity Health, Inc. 
TWIN,Twin Disc, Incorporated 
TWLV,Twelve Seas Investment Company 
TWLVR,Twelve Seas Investment Company 
TWLVU,Twelve Seas Investment Company 
TWLVW,Twelve Seas Investment Company 
TWMC,Trans World Entertainment Corp. 
TWNK,Hostess Brands, Inc. 
TWNKW,Hostess Brands, Inc. 
TWOU,2U, Inc. 
TXMD,TherapeuticsMD, Inc. 
TXN,Texas Instruments Incorporated 
TXRH,Texas Roadhouse, Inc. 
TYHT,Shineco, Inc. 
TYME,Tyme Technologies, Inc. 
TYPE,Monotype Imaging Holdings Inc. 
TZACU,Tenzing Acquisition Corp. 
TZOO,Travelzoo 
UAE,iShares MSCI UAE ETF
UBCP,United Bancorp, Inc. 
UBFO,United Security Bancshares 
UBIO,Proshares UltraPro Nasdaq Biotechnology
UBNK,United Financial Bancorp, Inc.  
UBNT,Ubiquiti Networks, Inc. 
UBOH,United Bancshares, Inc. 
UBSH,Union Bankshares Corporation 
UBSI,United Bankshares, Inc. 
UBX,Unity Biotechnology, Inc. 
UCBA,United Community Bancorp 
UCBI,United Community Banks, Inc. 
UCFC,United Community Financial Corp. 
UCTT,Ultra Clean Holdings, Inc. 
UDBI,Legg Mason US Diversified Core ETF
UEIC,Universal Electronics Inc. 
UEPS,Net 1 UEPS Technologies, Inc. 
UFCS,United Fire Group, Inc 
UFPI,Universal Forest Products, Inc. 
UFPT,UFP Technologies, Inc. 
UG,United
UGLD,Credit Suisse AG 
UHAL,Amerco 
UIHC,United Insurance Holdings Corp. 
ULBI,Ultralife Corporation 
ULH,Universal Logistics Holdings, Inc. 
ULTA,Ulta Beauty, Inc. 
ULTI,The Ultimate Software Group, Inc. 
UMBF,UMB Financial Corporation 
UMPQ,Umpqua Holdings Corporation 
UMRX,Unum Therapeutics Inc. 
UNAM,Unico American Corporation 
UNB,Union Bankshares, Inc. 
UNFI,United Natural Foods, Inc. 
UNIT,Uniti Group Inc. 
UNTY,Unity Bancorp, Inc. 
UONE,Urban One, Inc.  
UONEK,Urban One, Inc.  
UPL,Ultra Petroleum Corp. 
UPLD,Upland Software, Inc. 
URBN,Urban Outfitters, Inc. 
URGN,UroGen Pharma Ltd. 
USAK,USA Truck, Inc. 
USAP,Universal Stainless & Alloy Products, Inc. 
USAT,USA Technologies, Inc. 
USATP,USA Technologies, Inc. 
USAU,U.S. Gold Corp. 
USCR,U S Concrete, Inc. 
USEG,U.S. Energy Corp. 
USIG,iShares Broad USD Investment Grade Corporate Bond ETF
USLB,Invesco Russell 1000 Low Beta Equal Weight ETF
USLM,United States Lime & Minerals, Inc. 
USLV,Credit Suisse AG 
USMC,Principal U.S. Mega
USOI,Credit Suisse AG 
UTHR,United Therapeutics Corporation 
UTMD,Utah Medical Products, Inc. 
UTSI,UTStarcom Holdings Corp 
UVSP,Univest Corporation of Pennsylvania 
UXIN,Uxin Limited 
VALU,Value Line, Inc. 
VALX,Validea Market Legends ETF
VBFC,Village Bank and Trust Financial Corp. 
VBIV,VBI Vaccines, Inc. 
VBLT,Vascular Biogenics Ltd. 
VBTX,Veritex Holdings, Inc. 
VC,Visteon Corporation 
VCEL,Vericel Corporation 
VCIT,Vanguard Intermediate
VCLT,Vanguard Long
VCNX,Vaccinex, Inc. 
VCSH,Vanguard Short
VCTR,Victory Capital Holdings, Inc. 
VCYT,Veracyte, Inc. 
VEAC,Vantage Energy Acquisition Corp. 
VEACU,Vantage Energy Acquisition Corp. 
VEACW,Vantage Energy Acquisition Corp. 
VECO,Veeco Instruments Inc. 
VEON,VEON Ltd. 
VERI,Veritone, Inc. 
VERU,Veru Inc. 
VETS,Pacer Military Times Best Employers ETF
VGIT,Vanguard Intermediate
VGLT,Vanguard Long
VGSH,Vanguard Short
VIA,Viacom Inc. 
VIAB,Viacom Inc. 
VIAV,Viavi Solutions Inc. 
VICL,Vical Incorporated 
VICR,Vicor Corporation 
VIGI,Vanguard International Dividend Appreciation ETF
VIIX,Credit Suisse AG 
VIRC,Virco Manufacturing Corporation 
VIRT,Virtu Financial, Inc. 
VIVE,Viveve Medical, Inc. 
VIVO,Meridian Bioscience Inc. 
VKTX,Viking Therapeutics, Inc. 
VKTXW,Viking Therapeutics, Inc. 
VLGEA,Village Super Market, Inc. 
VLRX,Valeritas Holdings, Inc. 
VMBS,Vanguard Mortgage
VNDA,Vanda Pharmaceuticals Inc. 
VNET,21Vianet Group, Inc. 
VNOM,Viper Energy Partners LP 
VNQI,Vanguard Global ex
VOD,Vodafone Group Plc 
VONE,Vanguard Russell 1000 ETF
VONG,Vanguard Russell 1000 Growth ETF
VONV,Vanguard Russell 1000 Value ETF
VOXX,VOXX International Corporation 
VRA,Vera Bradley, Inc. 
VRAY,ViewRay, Inc. 
VRCA,Verrica Pharmaceuticals Inc. 
VREX,Varex Imaging Corporation 
VRIG,Invesco Variable Rate Investment Grade ETF
VRML,Vermillion, Inc. 
VRNA,Verona Pharma plc 
VRNS,Varonis Systems, Inc. 
VRNT,Verint Systems Inc. 
VRSK,Verisk Analytics, Inc. 
VRSN,VeriSign, Inc. 
VRTS,Virtus Investment Partners, Inc. 
VRTSP,Virtus Investment Partners, Inc. 
VRTU,Virtusa Corporation 
VRTX,Vertex Pharmaceuticals Incorporated 
VSAR,Versartis, Inc. 
VSAT,ViaSat, Inc. 
VSDA,VictoryShares Dividend Accelerator ETF
VSEC,VSE Corporation 
VSMV,VictoryShares US Multi
VSTM,Verastem, Inc. 
VTC,Vanguard Total Corporate Bond ETF
VTGN,VistaGen Therapeutics, Inc. 
VTHR,Vanguard Russell 3000 ETF
VTIP,Vanguard Short
VTIQ,VectoIQ Acquisition Corp. 
VTIQU,VectoIQ Acquisition Corp. 
VTIQW,VectoIQ Acquisition Corp. 
VTL,Vital Therapies, Inc. 
VTNR,Vertex Energy, Inc 
VTSI,VirTra, Inc. 
VTVT,vTv Therapeutics Inc. 
VTWG,Vanguard Russell 2000 Growth ETF
VTWO,Vanguard Russell 2000 ETF
VTWV,Vanguard Russell 2000 Value ETF
VUZI,Vuzix Corporation 
VVPR,VivoPower International PLC 
VVUS,VIVUS, Inc. 
VWOB,Vanguard Emerging Markets Government Bond ETF
VXRT,Vaxart, Inc. 
VXUS,Vanguard Total International Stock ETF
VYGR,Voyager Therapeutics, Inc. 
VYMI,Vanguard International High Dividend Yield ETF
WABC,Westamerica Bancorporation 
WAFD,Washington Federal, Inc. 
WAFDW,Washington Federal, Inc. 
WASH,Washington Trust Bancorp, Inc. 
WATT,Energous Corporation 
WB,Weibo Corporation 
WBA,Walgreens Boots Alliance, Inc. 
WCFB,WCF Bancorp, Inc. 
WDAY,Workday, Inc. 
WDC,Western Digital Corporation 
WDFC,WD
WEB,Web.com Group, Inc. 
WEBK,Wellesley Bancorp, Inc. 
WEN,Wendy's Company (The) 
WERN,Werner Enterprises, Inc. 
WETF,WisdomTree Investments, Inc. 
WEYS,Weyco Group, Inc. 
WHF,WhiteHorse Finance, Inc. 
WHLM,Wilhelmina International, Inc. 
WHLR,Wheeler Real Estate Investment Trust, Inc. 
WHLRD,Wheeler Real Estate Investment Trust, Inc. 
WHLRP,Wheeler Real Estate Investment Trust, Inc. 
WHLRW,Wheeler Real Estate Investment Trust, Inc. 
WIFI,Boingo Wireless, Inc. 
WILC,G. Willi
WIN,Windstream Holdings, Inc. 
WINA,Winmark Corporation 
WING,Wingstop Inc. 
WINS,Wins Finance Holdings Inc. 
WIRE,Encore Wire Corporation 
WISA,Summit Semiconductor, Inc. 
WIX,Wix.com Ltd. 
WKHS,Workhorse Group, Inc. 
WLDN,Willdan Group, Inc. 
WLFC,Willis Lease Finance Corporation 
WLTW,Willis Towers Watson Public Limited Company 
WMGI,Wright Medical Group N.V. 
WMGIZ,Wright Medical Group N.V. 
WMIH,WMIH Corp. 
WNEB,Western New England Bancorp, Inc. 
WOOD,iShares S&P Global Timber & Forestry Index Fund
WPRT,Westport Fuel Systems Inc 
WRLD,World Acceptance Corporation 
WRLS,Pensare Acquisition Corp. 
WRLSR,Pensare Acquisition Corp. 
WRLSU,Pensare Acquisition Corp. 
WRLSW,Pensare Acquisition Corp. 
WSBC,WesBanco, Inc. 
WSBF,Waterstone Financial, Inc. 
WSC,WillScot Corporation 
WSCI,WSI Industries Inc. 
WSFS,WSFS Financial Corporation 
WSTG,Wayside Technology Group, Inc. 
WSTL,Westell Technologies, Inc. 
WTBA,West Bancorporation 
WTFC,Wintrust Financial Corporation 
WTFCM,Wintrust Financial Corporation 
WTFCW,Wintrust Financial Corporation 
WVE,Wave Life Sciences Ltd. 
WVFC,WVS Financial Corp. 
WVVI,Willamette Valley Vineyards, Inc. 
WVVIP,Willamette Valley Vineyards, Inc. 
WWD,Woodward, Inc. 
WWR,Westwater Resources, Inc. 
WYNN,Wynn Resorts, Limited 
XBIO,Xenetic Biosciences, Inc. 
XBIT,XBiotech Inc. 
XCRA,Xcerra Corporation 
XEL,Xcel Energy Inc. 
XELA,Exela Technologies, Inc. 
XELB,Xcel Brands, Inc 
XENE,Xenon Pharmaceuticals Inc. 
XENT,Intersect ENT, Inc. 
XERS,Xeris Pharmaceuticals, Inc. 
XGTI,XG Technology, Inc 
XLNX,Xilinx, Inc. 
XLRN,Acceleron Pharma Inc. 
XNCR,Xencor, Inc. 
XNET,Xunlei Limited 
XOG,Extraction Oil & Gas, Inc. 
XOMA,XOMA Corporation 
XONE,The ExOne Company 
XPER,Xperi Corporation  
XRAY,DENTSPLY SIRONA Inc. 
XSPA,XpresSpa Group, Inc.  
XSPL,Xspand Products Lab, Inc. 
XT,iShares Exponential Technologies ETF
XTLB,XTL Biopharmaceuticals Ltd. 
YDIV,First Trust International Multi
YECO,Yulong Eco
YGYI,Youngevity International, Inc. 
YIN,Yintech Investment Holdings Limited 
YLCO,Global X Yieldco Index ETF
YLDE,ClearBridge Dividend Strategy ESG ETF
YNDX,Yandex N.V. 
YOGA,YogaWorks, Inc. 
YORW,The York Water Company 
YRCW,YRC Worldwide, Inc. 
YRIV,Yangtze River Port and Logistics Limited  
YTEN,Yield10 Bioscience, Inc.  
YTRA,Yatra Online, Inc. 
YVR,Liquid Media Group Ltd. 
YY,YY Inc. 
Z,Zillow Group, Inc. 
ZAGG,ZAGG Inc 
ZBIO,ProShares UltraPro Short NASDAQ Biotechnology
ZBRA,Zebra Technologies Corporation 
ZEAL,Zealand Pharma A/S 
ZEUS,Olympic Steel, Inc. 
ZFGN,Zafgen, Inc. 
ZG,Zillow Group, Inc. 
ZGNX,Zogenix, Inc. 
ZION,Zions Bancorporation 
ZIONW,Zions Bancorporation 
ZIONZ,Zions Bancorporation 
ZIOP,ZIOPHARM Oncology Inc 
ZIV,Credit Suisse AG 
ZIXI,Zix Corporation 
ZKIN,ZK International Group Co., Ltd 
ZLAB,Zai Lab Limited 
ZN,Zion Oil & Gas Inc 
ZNGA,Zynga Inc. 
ZNWAA,Zion Oil & Gas Inc 
ZS,Zscaler, Inc. 
ZSAN,Zosano Pharma Corporation 
ZUMZ,Zumiez Inc. 
ZYNE,Zynerba Pharmaceuticals, Inc. 